{
  "controller/cdappView.controller.js": 1616578265822,
  "manifest.json": 1616578603272,
  "model/models.js": 1616578265818,
  "i18n/i18n.properties": 1616578265814,
  "Component.js": 1616578265814,
  "manifest-bundle.zip": 1616578603104,
  "Component-preload.js": 1616578603251,
  "model/models-dbg.js": 1616578265818,
  "controller/cdappView-dbg.controller.js": 1616578265822,
  "Component-dbg.js": 1616578265814,
  "resources.json": 1616578603275,
  "view/cdappView.view.xml": 1616578513098,
  "css/style.css": 1616578265814,
  "index.html": 1616578513102
}